{"cameraMode":{"drawMode":0,"name":"Shaded","section":"Shading Mode"},"sceneLighting":false,"audioPlay":false,"sceneViewState":{"showFog":true,"showMaterialUpdate":true,"showSkybox":false,"showFlares":true,"showImageEffects":true,"showParticleSystems":true},"in2DMode":false,"pivot":{"x":8.750614166259766,"y":-3.9000000953674318,"z":-0.6785154342651367},"rotation":{"x":-0.24098733067512513,"y":0.6939669847488403,"z":-0.2683800458908081,"w":-0.6231725811958313},"size":2.253098249435425,"orthographic":false}