{"cameraMode":{"drawMode":0,"name":"Shaded","section":"Shading Mode"},"sceneLighting":true,"audioPlay":false,"sceneViewState":{"showFog":true,"showMaterialUpdate":true,"showSkybox":true,"showFlares":true,"showImageEffects":true,"showParticleSystems":true},"in2DMode":false,"pivot":{"x":-3.0999999046325685,"y":-2.3000001907348635,"z":3.0999999046325685},"rotation":{"x":-0.5382422208786011,"y":0.01945544220507145,"z":-0.012448964640498162,"w":-0.8424965739250183},"size":9.610393524169922,"orthographic":false}